0.0;0.0;6.283.185.307.179.580;0.0;70.0;6.283.185.307.179.580
-10.0;1,22E+01;6.283.185.307.179.580;-10.0;70.0;6.283.185.307.179.580
-20.0;2,45E+01;6.283.185.307.179.580;-20.0;70.0;6.283.185.307.179.580
-30.0;3,67E-01;6.283.185.307.179.580;-30.0;70.0;6.283.185.307.179.580
-40.0;4,90E+00;6.283.185.307.179.580;-40.0;70.0;6.283.185.307.179.580
-50.0;6,12E+00;6.283.185.307.179.580;-50.0;70.0;6.283.185.307.179.580
-60.0;7,35E-01;6.283.185.307.179.580;-60.0;7.000.000.000.000.000;6.283.185.307.179.580
-70.0;8,57E+00;6.283.185.307.179.580;-70.0;7.000.000.000.000.000;6.283.185.307.179.580
-80.0;9,80E+00;6.283.185.307.179.580;-80.0;7.000.000.000.000.000;6.283.185.307.179.580
-90.0;1,10E+02;6.283.185.307.179.580;-90.0;7.000.000.000.000.000;6.283.185.307.179.580
-100.0;1,22E+02;6.283.185.307.179.580;-100.0;7.000.000.000.000.000;6.283.185.307.179.580
-110.0;1,35E+02;6.283.185.307.179.580;-110.0;7.000.000.000.000.000;6.283.185.307.179.580
-120.0;1,47E+01;6.283.185.307.179.580;-120.0;7.000.000.000.000.000;6.283.185.307.179.580
-130.0;1,59E+01;6.283.185.307.179.580;-130.0;7.000.000.000.000.000;6.283.185.307.179.580
-140.0;1,71E+02;6.283.185.307.179.580;-140.0;7.000.000.000.000.000;6.283.185.307.179.580
-150.0;1,84E+02;6.283.185.307.179.580;-150.0;7.000.000.000.000.000;6.283.185.307.179.580
-160.0;1,96E+02;6.283.185.307.179.580;-160.0;7.000.000.000.000.000;6.283.185.307.179.580
-170.0;2,08E+02;6.283.185.307.179.580;-170.0;7.000.000.000.000.000;6.283.185.307.179.580
-180.0;2,20E+02;6.283.185.307.179.580;-180.0;7.000.000.000.000.000;6.283.185.307.179.580
-190.0;2,33E+01;6.283.185.307.179.580;-190.0;7.000.000.000.000.000;6.283.185.307.179.580
-200.0;2,45E+02;6.283.185.307.179.580;-200.0;7.000.000.000.000.000;6.283.185.307.179.580
-210.0;2,57E+02;6.283.185.307.179.580;-210.0;7.000.000.000.000.000;6.283.185.307.179.580
-220.0;2,69E+01;6.283.185.307.179.580;-220.0;7.000.000.000.000.000;6.283.185.307.179.580
-230.0;2,82E+02;6.283.185.307.179.580;-230.0;7.000.000.000.000.000;6.283.185.307.179.580
-240.0;2,94E+01;6.283.185.307.179.580;-240.0;7.000.000.000.000.000;6.283.185.307.179.580
-250.0;3,06E+01;6.283.185.307.179.580;-250.0;7.000.000.000.000.000;6.283.185.307.179.580
-260.0;3,18E+01;6.283.185.307.179.580;-260.0;7.000.000.000.000.000;6.283.185.307.179.580
-270.0;3,31E+02;6.283.185.307.179.580;-270.0;7.000.000.000.000.000;6.283.185.307.179.580
-280.0;3,43E+01;6.283.185.307.179.580;-280.0;7.000.000.000.000.000;6.283.185.307.179.580
-290.0;3,55E+02;6.283.185.307.179.580;-290.0;7.000.000.000.000.000;6.283.185.307.179.580
-300.0;3,67E+02;6.283.185.307.179.580;-300.0;7.000.000.000.000.000;6.283.185.307.179.580
-310.0;3,80E+02;6.283.185.307.179.580;-310.0;7.000.000.000.000.000;6.283.185.307.179.580
-320.0;3,92E+02;6.283.185.307.179.580;-320.0;7.000.000.000.000.000;6.283.185.307.179.580
-330.0;4,04E+02;6.283.185.307.179.580;-330.0;7.000.000.000.000.000;6.283.185.307.179.580
-340.0;4,16E+01;6.283.185.307.179.580;-340.0;7.000.000.000.000.000;6.283.185.307.179.580
-350.0;4,29E+01;942.477.796.076.938;-350.0;7.000.000.000.000.000;942.477.796.076.938
-360.0;4,41E+01;942.477.796.076.938;-360.0;7.000.000.000.000.000;942.477.796.076.938
-370.0;4,53E+01;942.477.796.076.938;-370.0;7.000.000.000.000.000;942.477.796.076.938
-380.0;4,65E+01;942.477.796.076.938;-380.0;7.000.000.000.000.000;942.477.796.076.938
-390.0;4,78E+01;942.477.796.076.938;-390.0;7.000.000.000.000.000;942.477.796.076.938
-400.0;4,90E+01;942.477.796.076.938;-400.0;7.000.000.000.000.000;942.477.796.076.938
-410.0;5,02E+01;942.477.796.076.938;-410.0;7.000.000.000.000.000;942.477.796.076.938
-420.0;5,14E+01;942.477.796.076.938;-420.0;7.000.000.000.000.000;942.477.796.076.938
-430.0;5,27E+01;942.477.796.076.938;-430.0;7.000.000.000.000.000;942.477.796.076.938
-440.0;5,39E+01;942.477.796.076.938;-440.0;7.000.000.000.000.000;942.477.796.076.938
-450.0;5,51E+01;942.477.796.076.938;-450.0;7.000.000.000.000.000;942.477.796.076.938
-460.0;5,63E+02;942.477.796.076.938;-460.0;7.000.000.000.000.000;942.477.796.076.938
-470.0;5,76E+00;942.477.796.076.938;-470.0;7.000.000.000.000.000;942.477.796.076.938
-480.0;5,88E+01;942.477.796.076.938;-480.0;7.000.000.000.000.000;942.477.796.076.938
-490.0;6,00E+00;942.477.796.076.938;-490.0;7.000.000.000.000.000;942.477.796.076.938
-500.0;6,12E+01;942.477.796.076.938;-500.0;7.000.000.000.000.000;942.477.796.076.938
-510.0;6,25E+01;942.477.796.076.938;-510.0;7.000.000.000.000.000;942.477.796.076.938
-520.0;6,37E+01;942.477.796.076.938;-520.0;7.000.000.000.000.000;942.477.796.076.938
-530.0;6,49E+01;942.477.796.076.938;-530.0;7.000.000.000.000.000;942.477.796.076.938
-540.0;6,61E+01;942.477.796.076.938;-540.0;7.000.000.000.000.000;942.477.796.076.938
-550.0;6,74E+01;942.477.796.076.938;-550.0;7.000.000.000.000.000;942.477.796.076.938
-560.0;6,86E+01;942.477.796.076.938;-560.0;7.000.000.000.000.000;942.477.796.076.938
-570.0;6,98E+01;942.477.796.076.938;-570.0;7.000.000.000.000.000;942.477.796.076.938
-580.0;7,10E+01;942.477.796.076.938;-580.0;7.000.000.000.000.000;942.477.796.076.938
-590.0;7,23E+01;942.477.796.076.938;-590.0;7.000.000.000.000.000;942.477.796.076.938
-600.0;7,35E+01;942.477.796.076.938;-600.0;7.000.000.000.000.000;942.477.796.076.938
-610.0;7,47E+01;942.477.796.076.938;-610.0;7.000.000.000.000.000;942.477.796.076.938
-620.0;7,59E+01;942.477.796.076.938;-620.0;7.000.000.000.000.000;942.477.796.076.938
-630.0;7,72E+01;942.477.796.076.938;-630.0;7.000.000.000.000.000;942.477.796.076.938
-640.0;7,84E+00;942.477.796.076.938;-640.0;7.000.000.000.000.000;942.477.796.076.938
-650.0;7,96E+01;942.477.796.076.938;-650.0;7.000.000.000.000.000;942.477.796.076.938
-660.0;8,08E+01;942.477.796.076.938;-660.0;7.000.000.000.000.000;942.477.796.076.938
-670.0;8,21E+01;942.477.796.076.938;-670.0;7.000.000.000.000.000;942.477.796.076.938
-680.0;8,33E+01;942.477.796.076.938;-680.0;7.000.000.000.000.000;942.477.796.076.938
-690.0;8,45E+01;942.477.796.076.938;-690.0;7.000.000.000.000.000;942.477.796.076.938
-700.0;8,57E+01;12.566.370.614.359.100;-700.0;7.000.000.000.000.000;12.566.370.614.359.100
-710.0;8,69E+01;12.566.370.614.359.100;-710.0;7.000.000.000.000.000;12.566.370.614.359.100
-720.0;8,82E+01;12.566.370.614.359.100;-720.0;7.000.000.000.000.000;12.566.370.614.359.100
-730.0;8,94E+01;12.566.370.614.359.100;-730.0;7.000.000.000.000.000;12.566.370.614.359.100
-740.0;9,06E+01;12.566.370.614.359.100;-740.0;7.000.000.000.000.000;12.566.370.614.359.100
-750.0;9,18E+01;12.566.370.614.359.100;-750.0;700.000.000.000.001;12.566.370.614.359.100
-760.0;9,31E+01;12.566.370.614.359.100;-760.0;700.000.000.000.001;12.566.370.614.359.100
-770.0;9,43E+01;12.566.370.614.359.100;-770.0;700.000.000.000.001;12.566.370.614.359.100
-780.0;9,55E+01;12.566.370.614.359.100;-780.0;700.000.000.000.001;12.566.370.614.359.100
-790.0;9,67E+01;12.566.370.614.359.100;-790.0;700.000.000.000.001;12.566.370.614.359.100
-800.0;9,80E+01;12.566.370.614.359.100;-800.0;700.000.000.000.001;12.566.370.614.359.100
-810.0;9,92E+01;12.566.370.614.359.100;-810.0;700.000.000.000.001;12.566.370.614.359.100
-820.0;1,00E+03;12.566.370.614.359.100;-820.0;700.000.000.000.001;12.566.370.614.359.100
-830.0;1,02E+03;12.566.370.614.359.100;-830.0;700.000.000.000.001;12.566.370.614.359.100
-840.0;1,03E+03;12.566.370.614.359.100;-840.0;700.000.000.000.001;12.566.370.614.359.100
-850.0;1,04E+03;12.566.370.614.359.100;-850.0;700.000.000.000.001;12.566.370.614.359.100
-860.0;1,05E+03;12.566.370.614.359.100;-860.0;700.000.000.000.001;12.566.370.614.359.100
-870.0;1,07E+03;12.566.370.614.359.100;-870.0;7.000.000.000.000.010;12.566.370.614.359.100
-880.0;1,08E+03;12.566.370.614.359.100;-880.0;7.000.000.000.000.010;12.566.370.614.359.100
-890.0;1,09E+03;12.566.370.614.359.100;-890.0;7.000.000.000.000.010;12.566.370.614.359.100
-900.0;1,10E+03;12.566.370.614.359.100;-900.0;7.000.000.000.000.010;12.566.370.614.359.100
-910.0;1,11E+03;12.566.370.614.359.100;-910.0;7.000.000.000.000.010;12.566.370.614.359.100
-920.0;1,13E+03;12.566.370.614.359.100;-920.0;7.000.000.000.000.010;12.566.370.614.359.100
-930.0;1,14E+03;12.566.370.614.359.100;-930.0;7.000.000.000.000.010;12.566.370.614.359.100
-940.0;1,15E+02;12.566.370.614.359.100;-940.0;7.000.000.000.000.010;12.566.370.614.359.100
-950.0;1,16E+03;12.566.370.614.359.100;-950.0;7.000.000.000.000.010;12.566.370.614.359.100
-960.0;1,18E+02;12.566.370.614.359.100;-960.0;7.000.000.000.000.010;12.566.370.614.359.100
-970.0;1,19E+03;12.566.370.614.359.100;-970.0;7.000.000.000.000.010;12.566.370.614.359.100
-980.0;1,20E+02;12.566.370.614.359.100;-980.0;7.000.000.000.000.010;12.566.370.614.359.100
-990.0;1,21E+03;12.566.370.614.359.100;-990.0;7.000.000.000.000.010;12.566.370.614.359.100
-1000.0;1,22E+02;12.566.370.614.359.100;-1000.0;7.000.000.000.000.010;12.566.370.614.359.100
-1010.0;1,24E+03;12.566.370.614.359.100;-1010.0;7.000.000.000.000.010;12.566.370.614.359.100
-1020.0;1,25E+03;12.566.370.614.359.100;-1020.0;7.000.000.000.000.010;12.566.370.614.359.100
-1030.0;1,26E+03;12.566.370.614.359.100;-1030.0;7.000.000.000.000.010;12.566.370.614.359.100
-10.399.999.622.110.400;0.016834953217323107;15.701.229.261.214.900;-10.399.999.496.893.000;7.001.942.492.169.640;15.700.193.260.178.900
-10.499.989.797.167.600;0.15150999853464472;15.687.761.247.746.900;-10.499.986.416.439.300;7.017.481.725.892.570;15.684.653.244.638.900
-1.059.995.276.637.880;0.42083566118393967;15.674.293.234.278.900;-10.599.937.116.182.500;7.048.556.440.812.030;15.669.113.229.098.900
-10.699.870.397.996.100;0.8247630896255097;15.660.825.220.810.900;-10.699.827.459.305.500;709.515.913.278.142;1.565.357.321.355.890
-107.997.245.684.955;13.632.190.176.261.400;15.647.357.207.342.900;-10.799.633.323.566.700;7.157.278.547.846.030;15.638.033.198.018.800
-10.899.497.165.863.600;203.610.577.754.855;15.633.889.193.874.800;-10.899.330.607.125.200;7.234.899.684.960.840;1.562.249.318.247.880
-10.999.170.092.883.400;284.330.131.806.654;15.620.421.180.406.800;-10.998.895.234.360.900;7.328.003.799.612.980;15.606.953.166.938.800
-11.098.725.270.416.400;37.846.592.263.036.600;15.606.953.166.938.800;-1.109.830.316.168.820;7.436.568.408.348.340;1.559.141.315.139.880
-11.198.144.640.681.900;4.860.008.754.389.830;15.593.485.153.470.800;-11.197.530.383.363;7.560.567.294.201.030;15.575.873.135.858.800
-11.297.410.170.533.000;6.069.154.850.432.650;15.580.017.140.002.800;-11.296.552.937.278.900;7.699.970.513.024.420;15.560.333.120.318.800
-11.396.503.854.726.500;741.187.819.389.669;15.566.549.126.534.800;-11.395.346.910.754.400;785.474.440.072.231;15.544.793.104.778.800
-11.495.407.719.189.900;8.887.935.235.384.990;1.555.308.111.306.680;-1.149.388.844.630.730;8.024.851.581.378.320;15.529.253.089.238.700
-1.159.410.382.428.070;10.497.058.240.815.100;15.539.613.099.598.700;-11.592.153.747.415.600;821.025.097.628.179;1.551.371.307.369.870
-11.692.574.268.041.000;12.238.955.339.981.800;15.526.145.086.130.700;-11.690.119.084.264.700;8.410.897.813.847.630;15.498.173.058.158.700
-11.790.801.189.444.300;14.113.310.579.498.100;1.551.267.707.266.270;-11.787.760.799.477.500;8.626.743.640.428.240;1.548.263.304.261.870
-1.188.876.677.163.530;16.119.783.980.104.500;15.499.209.059.194.700;-11.885.055.313.827.300;8.857.736.332.014.300;15.467.093.027.078.700
-11.986.453.245.161.700;18.258.011.598.335.300;15.485.741.045.726.700;-11.981.979.131.931.900;9.103.820.106.822.170;1.545.155.301.153.870
-12.083.842.891.197.100;20.527.605.592.533.100;1.547.227.303.225.870;-1.207.850.884.792.770;93.649.355.387.644;15.436.012.995.998.600
-12.180.918.044.755.200;22.928.154.293.196.800;15.458.805.018.790.700;-12.174.621.151.121.700;9.641.019.571.800.400;15.420.472.980.458.600
-122.776.610.978.938;25.459.222.277.652.700;15.445.337.005.322.700;-1.227.029.283.162.050;9.932.005.535.163.690;15.404.932.964.918.600
-12.374.054.502.908.300;28.120.350.449.032.900;15.431.868.991.854.600;-12.365.500.785.935.800;1.023.782.315.946.190;15.389.392.949.378.600
-12.470.080.775.515.400;30.911.056.119.548.600;15.418.400.978.386.600;-12.460.222.022.563.000;10.558.398.593.646.400;1.537.385.293.383.860
-12.565.722.498.023.700;33.830.833.098.042.500;15.404.932.964.918.600;-1.255.443.366.753.380;10.893.654.422.845.500;15.358.312.918.298.600
-12.660.962.322.493.200;36.879.151.781.803.900;15.391.464.951.450.600;-12.648.112.969.939.600;11.243.509.687.060.200;153.427.729.027.586
-12.755.782.973.882.200;4.005.545.925.263.040;15.377.996.937.982.600;-12.741.237.307.425.700;1.160.787.990.071.400;15.327.232.887.218.500
-12.850.167.253.180.500;43.359.179.377.119;15.364.528.924.514.600;-12.833.784.191.654.600;11.986.677.073.056.000;1.531.169.287.167.850
-129.440.980.405.292;467.897.129.111.677;1.535.106.091.104.660;-12.925.731.273.736.100;12.379.809.729.408.800;15.296.152.856.138.500
-13.037.558.298.325.600;5.034.643.760.866.920;15.337.592.897.578.500;-1.301.705.634.962.480;12.787.182.933.258.900;15.280.612.840.598.500
-13.130.531.074.314.100;5.402.870.833.437.690;15.324.124.884.110.500;-13.107.737.365.481.600;13.208.698.309.182.500;15.265.072.825.058.500
-13.222.999.504.660.800;57.835.857.180.922.400;15.310.656.870.642.500;-13.197.752.422.999.800;13.644.254.066.602.100;15.249.532.809.518.500
-13.314.946.817.012.300;6.176.719.358.996.360;15.297.188.857.174.500;-1.328.707.978.469.310;1.409.374.502.436.710;1.523.399.279.397.840
-13.406.356.333.537.800;6.582.200.447.744.150;15.283.720.843.706.500;-133.756.978.791.451;14.557.062.636.154.400;15.218.452.778.438.400
-1.349.721.147.395.480;6.999.955.436.292.280;15.270.252.830.238.500;-1.346.358.530.621.810;15.034.095.016.680.500;1.520.291.276.289.840
-13.587.495.758.535.800;7.429.908.550.300.460;15.256.784.816.770.500;-13.550.720.842.221.400;15.524.726.968.720.400;15.187.372.747.358.400
-1.367.719.281.109.800;7.871.981.802.875.710;15.243.316.803.302.500;-13.636.665.038.386.800;1.603.584.153.908.880;1.776.974.240.172.520
-13.766.286.361.973.200;8.326.095.008.718.070;15.229.848.789.834.400;-13.720.498.399.919.100;1.658.087.430.533.470;17.729.338.361.321.100
-1.385.476.025.095.940;8.792.165.798.664.880;15.216.380.776.366.400;-138.020.617.888.696;17.159.325.102.857.400;17.688.934.320.917.100
-13.942.598.430.251.600;9.270.109.634.631.380;1.520.291.276.289.840;-13.881.222.072.221.300;1.777.024.974.700.780;17.648.530.280.513.100
-14.029.784.967.352.900;975.983.982.494.453;15.189.444.749.430.400;-13.957.850.039.461.100;18.412.651.047.232.900;17.608.126.240.109.000
-14.116.153.886.619.600;1.026.381.643.147.230;17.784.389.976.372.800;-14.031.820.613.485.600;19.085.480.434.754.200;17.567.722.199.705.000
-14.201.090.378.531.400;10.791.556.734.707.600;17.755.529.947.512.700;-14.103.013.054.759.200;19.787.639.674.109.400;17.527.318.159.300.900
-14.284.468.652.421.900;11.343.586.568.858.000;17.726.669.918.652.700;-14.171.311.158.394.100;20.517.982.655.762.700;17.486.914.118.896.900
-14.366.219.267.241.200;1.191.944.617.948.780;17.697.809.889.792.700;-14.236.603.443.826.500;2.127.531.726.685.920;17.446.510.078.492.900
-1.444.627.413.752.470;12.518.655.965.688.200;176.689.498.609.327;-1.429.878.333.678.260;22.058.407.337.067.500;17.406.106.038.088.800
-14.524.566.590.097.300;1.314.071.687.950.940;1.764.008.983.207.260;-1.435.774.934.323.630;22.865.974.656.337.300;17.365.701.997.684.800
-14.601.031.419.602.300;13.785.110.841.589.400;1.761.122.980.321.260;-14.413.405.215.073.900;23.696.701.061.275.700;17.325.297.957.280.700
-14.675.604.942.806.800;14.451.301.172.633.300;1.758.236.977.435.260;-14.465.660.107.196.800;24.549.230.586.738.500;17.284.893.916.876.700
-14.748.225.051.639.700;1.513.873.304.038.250;17.553.509.745.492.500;-14.514.428.725.804.100;2.542.217.167.912.400;17.244.489.876.472.700
-14.818.831.264.918.700;15.846.833.921.703.900;17.524.649.716.632.500;-14.559.631.467.615.700;26.314.099.467.756.200;1.720.408.583.606.860
-14.887.364.778.721.000;16.575.014.079.411.700;17.495.789.687.772.500;-14.601.194.549.804.800;27.223.558.090.650.400;17.163.681.795.664.600
-14.953.768.515.358.000;1.732.266.705.342.580;174.669.296.589.125;-14.639.050.130.431.700;28.149.063.070.865.400;1.712.327.775.526.050
-15.017.987.170.912.200;18.089.170.165.858.800;17.438.069.630.052.400;-1.467.313.641.917.940;29.089.103.739.561.900;1.708.287.371.485.650
-150.799.672.612.965;18.873.885.039.608.700;17.409.209.601.192.400;-14.703.397.778.212.000;30.042.145.701.813.600;17.042.469.674.452.500
-15.139.657.166.798.000;19.676.158.130.027.200;1.738.034.957.233.240;-14.729.784.812.990.100;3.100.663.334.114.560;1.700.206.563.404.840
-15.197.007.175.069.600;204.953.212.692.203;17.351.489.543.472.300;-14.752.254.452.896.200;31.980.992.358.711.400;1.696.166.159.364.440
-15.251.969.522.532.200;21.330.692.222.527.100;17.322.629.514.612.300;-14.770.770.021.536.500;3.296.363.234.296.550;1.692.125.755.324.030
-15.304.498.434.154.200;2.218.157.525.671.520;17.293.769.485.752.300;-14.785.301.296.607.600;3.395.294.936.563.490;1.688.085.351.283.630
-1.535.455.016.157.530;23.047.261.719.416.700;17.264.909.456.892.200;-1.479.582.455.922.620;34.947.328.599.754.600;16.840.449.472.432.300
-1.540.208.301.954.180;2.392.703.062.932.530;17.236.049.428.032.200;-14.802.322.632.645.300;35.945.146.955.492.000;1.680.004.543.202.820
-15.447.057.420.623.900;2.482.014.927.666.080;17.207.189.399.172.200;-14.804.784.910.291.000;3.694.477.572.945.870;1.675.964.139.162.420
-15.489.435.908.186.000;2.572.587.383.340.130;1.717.832.937.031.220;-14.804.336.759.060.500;37.944.758.687.654.900;18.315.397.398.200.900
-15.529.183.187.582.100;2.664.344.997.277.590;1.714.946.934.145.210;-1.480.268.307.953.010;3.894.461.606.060.550;18.303.513.856.905.500
-15.566.266.155.550.400;2.757.211.349.750.050;1.712.060.931.259.210;-14.799.841.360.090.900;39.944.206.324.116.300;1.829.163.031.561.020
-15.600.653.927.783.800;28.511.090.976.235;1.709.174.928.373.210;-14.795.812.002.041.500;4.094.338.831.915.700;18.279.746.774.314.900
-15.632.317.864.651.200;2.945.960.038.772.960;17.062.889.254.872.000;-14.790.595.574.395.400;4.194.202.094.435.200;1.826.786.323.301.960
-15.661.231.595.049.900;3.041.685.177.212.730;17.034.029.226.012.000;-1.478.419.281.380.030;42.939.963.175.905.900;18.255.979.691.724.300
-15.687.371.038.368.800;31.382.047.888.875.700;17.005.169.197.152.000;-1.477.660.462.443.410;4.393.707.408.751.850;1.824.409.615.042.900
-15.710.714.424.543.400;3.235.438.488.070.430;16.976.309.168.292.000;-14.767.832.077.877.300;44.933.212.870.286.000;1.823.221.260.913.370
-15.731.242.312.187.500;33.333.052.943.111.400;16.947.449.139.431.900;-14.757.876.412.961.800;45.928.238.852.585.700;18.220.329.067.838.400
-15.748.937.604.783.900;3.431.723.699.880.450;16.918.589.110.571.900;-14.746.739.035.595.500;4.692.201.151.994.110;18.208.445.526.543.100
-15.763.785.564.924.200;35.306.117.376.532.500;1.688.972.908.171.190;-14.734.421.518.564.300;47.914.390.534.865.000;18.196.561.985.247.800
-15.775.773.826.581.800;36.298.870.493.743.000;1.686.086.905.285.180;-14.720.925.601.309.700;4.890.523.575.667.720;1.818.467.844.395.250
-15.784.892.405.411.500;37.294.669.542.497.700;16.832.009.023.991.800;-1.470.625.318.968.310;4.989.440.726.129.540;1.817.279.490.265.720
-15.791.133.707.064.500;38.292.685.178.074.500;1.680.314.899.513.180;-14.690.406.355.676.900;50.881.765.360.994.000;18.160.911.361.361.900
-15.794.492.533.513.600;3.929.208.620.968.130;16.774.288.966.271.800;-14.673.387.337.131.700;5.186.717.062.413.120;1.814.902.782.006.660
-15.795.065.334.299.200;40.292.044.773.416.700;1.832.206.981.762.870;-14.655.198.537.420.500;5.285.048.389.483.850;18.137.144.278.771.300
-15.794.165.792.947.800;41.291.999.603.137.100;1.831.143.717.541.710;-14.635.842.525.109.000;5.383.156.631.267.210;18.125.260.737.476.000
-1.579.220.310.628.390;4.229.180.226.619.190;1.830.080.453.320.550;-14.615.322.033.593.000;5.481.027.933.222.230;181.133.771.961.807
-15.789.177.496.193.100;43.291.339.732.875.000;1.829.017.189.099.390;-14.593.639.960.712.800;5.578.648.474.267.860;18.101.493.654.885.300
-15.785.089.304.726.900;4.429.049.900.346.150;1.827.953.924.878.230;-14.570.799.368.343.100;5.676.004.468.734.690;1.808.961.011.359.000
-15.779.938.994.063.300;452.891.671.209.823;18.268.906.606.570.700;-1.454.680.348.196.140;5.773.082.168.311.810;18.077.726.572.294.700
-15.773.727.146.455.500;462.872.311.839.939;18.258.273.964.359.200;-14.521.655.690.192.300;5.869.867.863.988.190;18.065.843.030.999.400
-15.766.454.464.165.400;4.728.457.835.934.260;18.247.641.322.147.600;-14.495.783.630.842.400;5.966.463.078.098.140;19.373.161.723.256.400
-1.575.812.176.938.420;4.828.109.589.492.030;18.237.008.679.936.000;-14.469.900.320.820.400;6.063.055.284.110.330;19.373.161.723.256.400
-15.748.730.004.140.100;4.927.667.113.241.140;18.226.376.037.724.400;-14.444.017.010.798.300;6.159.647.490.122.520;19.373.161.723.256.400
-15.738.280.230.190.900;5.027.119.152.002.870;18.215.743.395.512.800;-14.418.133.700.776.200;6.256.239.696.134.710;19.373.161.723.256.400
-1.572.677.362.890.460;5.126.454.462.523.820;18.205.110.753.301.200;-14.392.250.390.754.200;635.283.190.214.691;19.373.161.723.256.400
-15.714.211.501.125.800;522.566.181.474.695;18.194.478.111.089.600;-14.366.367.080.732.100;6.449.424.108.159.100;19.373.161.723.256.400
-15.700.595.267.028.200;5.324.729.993.081.140;18.183.845.468.878.000;-14.340.483.770.710.000;6.546.016.314.171.290;19.373.161.723.256.400
-1.568.592.646.595.470;5.423.647.797.669.190;18.173.212.826.666.400;-14.314.600.460.688.000;6.642.608.520.183.480;19.373.161.723.256.400
-15.670.206.756.242.700;5.522.404.045.653.930;18.162.580.184.454.800;-14.288.790.927.556.000;673.922.032.094.752;20.688.781.917.932.600
-15.653.437.915.037.000;5.620.987.572.442.510;18.151.947.542.243.300;-14.264.949.025.726.600;6.836.332.985.683.060;20.717.641.946.792.600
-15.635.621.838.089.000;5.719.387.232.968.540;18.141.314.900.031.700;-1.424.391.933.744.780;6.934.093.193.056.910;20.746.501.975.652.700
-1.561.676.053.954.210;5.817.591.902.952.100;1.813.068.225.782.010;-14.225.719.377.157.900;7.032.419.524.119.990;20.775.362.004.512.700
-15.596.856.151.704.100;591.559.048.015.733;1.812.004.961.560.850;-14.210.364.302.574.700;7.131.230.088.430.840;2.080.422.203.337.270
-15.575.910.924.806.100;6.013.371.885.647.570;1.810.941.697.339.690;-141.978.669.020.718;7.230.442.592.257.470;2.083.308.206.223.270
-15.553.927.226.748.300;6.110.925.065.037.880;1.809.878.433.118.530;-14.188.237.584.027.100;7.329.974.407.115.220;20.861.942.091.092.800
-15.530.907.542.832.100;6.208.238.989.744.720;1.808.815.168.897.370;-14.181.484.368.155.500;7.429.742.638.583.320;2.089.080.211.995.280
-1.550.685.447.547.900;6.305.302.658.232.790;1.807.751.904.676.210;-14.177.612.878.828.300;7.529.664.195.342.970;20.919.662.148.812.800
-15.481.770.743.936.800;6.402.105.097.258.750;1.806.688.640.455.050;-14.176.626.340.390.300;7.629.655.858.379.400;20.948.522.177.672.900
-1.545.591.786.193.630;6.498.705.414.548.290;19.372.653.129.682.800;-141.785.255.744.736;7.729.634.350.290.310;20.977.382.206.532.900
-15.430.021.782.972.900;6.595.294.198.029.220;19.372.653.129.682.800;-14.183.308.999.313.300;7.829.516.404.642.850;21.006.242.235.392.900
-15.404.125.704.009.600;6.691.882.981.510.140;19.372.653.129.682.800;-1.419.097.263.106.550;7.929.218.835.321.590;2.103.510.226.425.290
-1.537.822.962.504.630;678.847.176.499.107;19.372.653.129.682.800;-1.420.151.008.712.460;8.028.658.605.809.480;21.063.962.293.113.000
-15.352.333.546.082.900;6.885.060.548.471.990;19.372.653.129.682.800;-1.421.491.259.143.920;8.127.752.898.344.310;2.109.282.232.197.300
-15.326.437.467.119.600;6.981.649.331.952.910;19.372.653.129.682.800;-14.231.168.981.821.400;8.226.419.182.892.900;21.121.682.350.833.000
-15.300.541.388.156.300;7.078.238.115.433.840;19.372.653.129.682.800;-14.250.265.719.242.700;8.324.575.285.885.750;21.150.542.379.693.100
-15.274.645.309.193;7.174.826.898.914.760;19.372.653.129.682.800;-14.272.186.899.110.300;8.422.139.458.654.710;21.179.402.408.553.100
-15.248.761.722.073.000;7.271.419.017.117.330;2.068.473.564.428.880;-14.296.914.264.513.200;8.519.030.445.516.840;21.208.262.437.413.100
-15.225.137.647.987.800;7.368.581.472.789.490;20.725.139.684.692.800;-14.324.427.221.426.600;8.615.167.551.447.700;21.237.122.466.273.100
-15.205.457.542.018.400;7.466.618.879.413.990;2.076.554.372.509.690;-14.354.702.855.864.500;8.710.470.709.287.620;21.265.982.495.133.200
-15.189.753.527.301.100;7.565.371.214.021.260;2.080.594.776.550.090;-14.387.715.952.962.900;8.804.860.546.425.180;21.294.842.523.993.200
-15.178.051.236.940.400;7.664.677.286.690.250;2.084.635.180.590.500;-14.423.439.017.979.800;8.898.258.450.902.090;2.132.370.255.285.320
-1.517.036.977.216.830;7.764.375.003.652.980;2.088.675.584.630.900;-14.461.842.299.194.300;899.058.663.688.473;21.352.562.581.713.300
-15.166.721.671.166.400;7.864.301.631.874.410;20.927.159.886.713.000;-14.502.893.812.684.900;9.081.768.209.447.480;2.138.142.261.057.330
-15.167.112.888.600.000;7.964.294.064.675.820;2.096.756.392.711.710;-1.454.655.936.896.710;9.171.727.228.614.240;21.410.282.639.433.300
-15.171.542.785.898.900;8.064.189.087.968.010;2.100.796.796.752.110;-14.592.802.601.468.100;9.260.388.772.604.490;21.439.142.668.293.300
-1.518.000.413.229.930;8.163.823.646.659.840;21.048.372.007.925.200;-14.641.584.996.814.400;9.347.679.000.231.440;21.468.002.697.153.400
-1.519.248.311.664.680;8.263.035.110.807.300;2.108.877.604.832.920;-14.692.865.926.907.000;9.433.525.212.400.140;21.496.862.726.013.400
-15.208.959.369.939.200;8.361.661.541.068.500;21.129.180.088.733.200;-1.474.660.268.275.900;9.517.855.912.654.480;2.152.572.275.487.340
-1.522.940.599.857.480;8.459.541.953.031.590;21.169.584.129.137.300;-1.480.275.051.006.480;9.600.600.866.722.520;2.155.458.278.373.350
-152.537.896.282.494;8.556.516.579.983.790;21.209.988.169.541.300;-14.861.262.646.473.800;9.681.691.161.010.660;2.158.344.281.259.350
-15.282.070.458.432.000;8.652.427.133.693.000;21.250.392.209.945.400;-14.922.090.360.536.000;976.105.925.999.789;2.161.230.284.145.350
-15.314.202.327.330.100;874.711.706.277.597;21.290.796.250.349.400;-1.498.518.299.228.780;983.863.906.248.225;21.641.162.870.313.500
-15.350.132.787.237.800;884.043.180.823.159;21.331.200.290.753.400;-15.050.487.995.443.700;9.914.365.956.632.850;21.670.022.899.173.600
-15.389.803.190.144.100;893.221.905.572.205;21.371.604.331.157.500;-15.117.950.981.159.000;9.988.176.873.801.380;21.698.882.928.033.600
-15.433.148.783.462.400;9.022.328.984.190.090;21.412.008.371.561.500;-15.187.515.763.327.500;10.060.010.341.048.400;21.727.742.956.893.600
-1.548.009.881.572.320;9.110.614.510.406.610;21.452.412.411.965.600;-1.525.912.440.537.550;10.129.806.532.340.700;2.411.291.582.112.250
-15.530.576.652.060.100;9.196.931.529.049.360;21.492.816.452.369.600;-15.332.717.268.514.000;10.197.507.318.377.200;2.414.177.584.998.250
-1.558.449.989.929.730;9.281.139.147.920.940;21.533.220.492.773.600;-15.408.233.061.408.600;10.263.056.315.001.000;24.170.635.878.842.500
-15.641.780.540.437.600;9.363.099.917.922.130;21.573.624.533.177.700;-15.485.608.891.225.100;1.032.639.893.015.920;24.199.495.907.702.500
-1.570.232.507.832.900;9.442.680.057.405.140;21.614.028.573.581.700;-15.564.780.316.010.000;10.387.482.409.369.300;24.228.355.936.562.600
-15.766.034.688.277.300;9.519.749.670.540.650;2.165.443.261.398.580;-15.645.681.398.360.200;1.044.625.587.965.520;24.257.215.965.422.600
-1.583.280.537.935.370;9.594.182.959.342.150;2.169.483.665.438.980;-15.728.244.760.338.500;10.502.670.391.916.900;24.286.075.994.282.600
-1.590.252.816.413.560;966.585.842.900.151;24.091.363.613.440.200;-15.812.401.639.589.200;10.556.678.961.696.700;24.314.936.023.142.700
-15.975.089.236.602.800;9.734.659.086.200.610;24.131.767.653.844.300;-15.898.081.946.606.000;10.608.236.608.310.900;2.434.379.605.200.270
-1.605.037.015.789.940;9.800.472.630.075.420;2.417.217.169.424.830;-15.985.214.323.105.800;10.657.300.392.310.700;24.372.656.080.862.700
-16.128.248.049.656.800;9.863.191.635.520.670;24.212.575.734.652.300;-16.073.726.201.458.900;10.703.829.451.244.700;244.015.161.097.228
-16.208.595.794.564.200;9.922.713.728.536.010;24.252.979.775.056.400;-16.163.543.865.126.600;10.747.785.033.690.600;24.430.376.138.582.800
-16.291.282.243.857.200;9.978.941.753.327.480;24.293.383.815.460.400;-16.254.592.510.055.400;10.789.130.531.529.100;24.459.236.167.442.800
-16.376.172.431.387.400;1.003.178.393.089.140;24.333.787.855.864.500;-16.346.796.306.977.000;10.827.831.510.432.900;24.488.096.196.302.800
-16.463.127.793.923.200;10.081.154.008.822.100;24.374.191.896.268.500;-16.440.078.464.562.600;10.863.855.738.545.000;24.516.956.225.162.900
-16.552.006.397.321.200;10.126.971.402.098.600;24.414.595.936.672.500;-1.653.436.129.337.740;10.897.173.213.322.500;2.454.581.625.402.290
-16.642.663.168.200.300;10.169.161.324.620.400;24.454.999.977.076.600;-16.629.566.270.584.500;10.927.756.186.524.800;24.574.676.282.882.900
-16.734.950.130.740.100;10.207.654.911.278.700;24.495.404.017.480.600;-16.725.614.105.341.400;10.955.579.187.322.500;24.603.536.311.743
-16.828.716.648.216.100;10.242.389.330.361.900;24.535.808.057.884.700;-16.822.424.804.837.400;10.980.619.043.511.700;2.463.239.634.060.300
-1.692.380.966.887.910;1.027.330.788.611.400;24.576.212.098.288.700;-1.691.991.774.091.490;11.002.854.900.811.800;24.661.256.369.463.000
-17.020.073.975.776.100;1.030.036.011.127.700;24.616.616.138.692.700;-17.018.011.717.219.900;11.022.268.240.234.700;24.690.116.398.323.000
-17.117.352.440.105.000;10.323.501.849.466.500;2.465.702.017.909.680;-17.116.625.036.826.200;11.038.842.893.507.600;24.718.976.427.183.100
-17.215.486.277.690.900;10.342.695.327.246.900;24.697.424.219.500.800;-17.215.675.570.275.600;11.052.565.056.538.900;24.747.836.456.043.100
-17.314.315.308.163.200;10.357.909.215.787.500;2.473.782.825.990.490;-17.315.080.823.979.600;11.063.423.300.915.000;24.776.696.484.903.100
-17.413.678.216.413.000;103.691.186.819.996;2.477.823.230.030.890;-17.414.758.008.922.900;1.107.140.858.341.810;24.805.556.513.763.200
-17.513.412.815.901.700;10.376.305.429.070.300;24.818.636.340.713;-1.751.462.410.961.430;11.076.514.253.557.900;2.483.441.654.262.320
-17.613.356.313.392.100;10.379.457.726.328.400;2.485.904.038.111.700;-1.761.459.595.322.530;11.078.736.059.110.500;2.486.327.657.148.320
-17.713.345.574.670.500;10.378.570.428.391.100;24.899.444.421.521.000;-17.714.590.278.859.900;1.107.807.214.965.950;2.489.213.660.034.320
-17.813.217.390.824.400;10.373.644.983.563.300;2.493.984.846.192.510;-17.814.523.806.898.400;11.074.523.078.137.700;2.492.099.662.920.330
-17.912.808.744.642.800;10.364.689.431.473.200;2.498.025.250.232.910;-17.914.313.308.355.700;1.106.809.180.036.610;24.949.856.658.063.300
-18.011.957.076.703.500;10.351.718.389.949.900;25.020.656.542.733.200;-18.013.875.674.198.600;11.058.783.672.592.200;24.978.716.686.923.300
-18.110.500.550.713.000;10.334.753.031.162.700;2.506.106.058.313.720;-18.113.127.984.562.000;11.046.606.447.029.500;25.007.576.715.783.400
-18.208.278.317.665.800;10.313.821.047.063.000;25.101.464.623.541.200;-1.821.198.757.780.870;11.031.570.265.400.400;25.036.436.744.643.400
-18.305.130.778.393.000;10.288.956.604.183.400;28.545.264.309.864.400;-18.310.372.119.373.200;11.013.687.650.490.600;25.065.296.773.503.400
-18.400.899.844.070.000;1.026.020.028.786.900;28.585.668.350.268.400;-18.408.199.670.333.900;1.099.297.349.571.870;25.094.156.802.363.400
-18.495.429.194.259.500;10.227.599.036.031.600;28.626.072.390.672.500;-18.505.388.755.655.100;1.096.944.505.273.320;2.512.301.683.122.350
-18.588.564.532.067.700;1.019.120.606.253.410;28.666.476.431.076.500;-18.601.858.432.042.800;10.943.121.917.043.800;28.555.520.142.782.700
-18.680.153.835.997.300;10.151.080.770.332.000;28.706.880.471.480.500;-18.697.528.355.358.400;10.914.026.011.701.700;28.584.380.171.642.800
-1.877.004.760.808.750;10.107.288.654.511.500;28.747.284.511.884.600;-18.792.318.847.532.100;10.882.181.569.041.500;2.861.324.020.050.280
-1.885.809.911.793.330;10.059.901.195.384.800;28.787.688.552.288.600;-18.886.150.962.922.900;108.476.151.104.989;2.864.210.022.936.280
-18.944.164.642.189.300;10.008.995.741.814.700;28.828.092.592.692.700;-18.978.946.554.067.200;10.810.355.424.522.500;28.670.960.258.222.900
-19.028.103.699.163.300;9.954.655.384.961.450;28.868.496.633.096.700;-19.070.628.336.764.200;1.077.043.354.259.820;2.869.982.028.708.290
-19.109.779.278.120.100;9.896.968.822.655.330;2.890.890.067.350.070;-19.161.119.954.441.100;10.727.882.713.404.100;28.728.680.315.942.900
-19.189.058.062.919.100;983.603.021.461.892;2.894.930.471.390.480;-1.925.034.604.174.610;10.682.738.375.119.800;28.757.540.344.802.900
-19.265.810.649.621.500;9.771.939.028.773.220;28.989.708.754.308.800;-19.338.232.287.316.200;1.063.503.812.591.220;28.786.400.373.663.000
-19.339.911.757.711.900;9.704.799.878.879.820;2.903.011.279.471.290;-19.424.705.495.666.900;10.584.821.692.621.700;28.815.260.402.523.000
-19.411.240.434.588.700;9.634.722.353.783.510;29.070.516.835.116.900;-19.509.693.648.152.300;10.532.130.897.676.100;28.844.120.431.383.000
-19.479.680.252.991.500;9.561.820.838.534.350;2.911.092.087.552.090;-19.593.125.962.945.700;10.477.009.624.259.300;28.872.980.460.243.100
-19.545.119.501.040.400;9.486.214.327.681.040;2.915.132.491.592.500;-19.674.932.953.989.800;10.419.503.779.763.300;2.890.184.048.910.310
-19.607.451.364.580.100;9.408.026.231.040.290;29.191.728.956.329.000;-19.755.046.488.867.100;10.359.661.257.554.200;2.893.070.051.796.310
-19.666.574.101.528.000;9.327.384.172.259.450;2.923.213.299.673.310;-19.833.399.845.544.400;10.297.531.897.085.300;28.959.560.546.823.100
-19.722.391.207.944.900;9.244.419.780.500.910;29.272.537.037.137.100;-19.909.927.767.941.300;10.233.167.442.387.900;2.898.842.057.568.320
-1.977.481.157.555.470;9.159.268.475.588.520;2.931.294.107.754.110;-19.984.566.520.278.300;1.016.662.149.897.680;29.017.280.604.543.200
-19.823.749.640.456.900;907.206.924.696.666;2.935.334.511.794.520;-2.005.725.394.015.880;10.097.949.489.205.800;29.046.140.633.403.200
-1.986.912.552.279.010;8.982.964.426.832.650;29.393.749.158.349.200;-20.127.929.490.340.800;10.027.208.606.108.800;29.075.000.662.263.300
-19.910.865.157.116.400;8.892.099.457.813.070;29.434.153.198.753.300;-20.196.534.309.154.800;9.954.457.765.767.410;29.103.860.691.123.300
-19.948.900.413.316.300;879.962.265.556.283;29.474.557.239.157.300;-202.630.112.595.264;9.879.757.558.243.030;2.913.272.071.998.330
-19.983.169.207.794.900;8.705.684.966.674.870;29.514.961.279.561.300;-20.327.304.976.562.200;9.803.170.197.114.730;29.161.580.748.843.400
-20.013.615.604.818.600;8.610.439.722.295.420;29.555.365.319.965.400;-20.389.361.913.660.800;9.724.759.467.665.120;2.919.044.077.770.340
-2.004.027.887.567.170;851.406.558.109.263;34.040.691.381.148.200;-20.449.130.387.108.200;9.644.590.673.757.190;2.921.930.080.656.340
-20.064.370.434.080.300;8.417.013.136.804.570;3.406.313.807.026.160;-2.050.656.061.912.230;9.562.730.583.446.400;29.248.160.835.423.400
-20.086.277.600.323.700;8.319.444.411.302.870;34.085.584.759.374.900;-20.561.604.779.310.100;9.479.247.373.373.360;29.277.020.864.283.500
-20.105.989.336.855.200;8.221.408.562.901.620;3.410.803.144.848.830;-20.614.217.024.503.000;9.394.210.571.983.340;29.305.880.893.143.500
-20.123.495.712.257.600;8.122.954.985.266.700;34.130.478.137.601.700;-2.066.435.353.693.680;9.307.691.001.620.000;29.334.740.922.003.500
-20.138.787.906.246.300;8.024.133.282.529.640;34.152.924.826.715.000;-20.711.972.560.745.100;9.219.760.719.541.410;29.363.600.950.863.600
-20.151.858.214.114.100;7.924.993.244.295.430;3.417.537.151.582.840;-20.757.034.436.735.700;9.130.492.957.907.680;2.939.246.097.972.360
-2.016.270.005.061.260;7.825.584.820.556.880;34.197.818.204.941.700;-2.079.950.163.541.980;9.039.962.062.790.010;2.942.132.100.858.360
-2.017.130.795.327.000;7.725.958.096.528.220;3.422.026.489.405.510;-2.083.933.878.826.890;8.948.243.432.252.060;2.945.018.103.744.360
-20.177.677.585.143.500;7.626.163.267.410.490;34.242.711.583.168.400;-20.876.512.717.170.900;8.855.413.453.555.150;2.947.904.106.630.370
-201.818.057.370.044;7.526.250.613.101.560;3.426.515.827.228.180;-2.091.099.246.206.240;8.761.549.439.539.670;29.507.901.095.163.700
-2.018.369.032.895.460;7.426.270.472.863.500;34.287.604.961.395.100;-20.942.749.306.713.400;8.666.729.564.235.530;29.536.761.124.023.700
-20.183.330.411.475.200;7.326.273.219.959.980;34.310.051.650.508.500;-20.971.756.802.643.700;8.571.032.797.755.480;29.565.621.152.883.800
-2.018.072.616.590.440;7.226.309.236.276.610;3.433.249.833.962.190;-20.997.990.791.150.000;8.474.538.840.525.350;34.045.454.911.773.500
-20.175.878.904.346.200;7.126.428.886.936.870;34.354.945.028.735.200;-210.214.294.234.268;8.377.328.056.906.040;34.074.314.940.633.500
-2.016.879.106.900.950;7.026.682.494.926.530;3.437.739.171.784.860;-21.042.053.178.762.300;8.279.481.408.262.660;3.410.317.496.949.350
-20.159.466.230.977.500;6.927.120.315.739.250;34.399.838.406.961.900;-2.105.984.488.079.700;8.181.080.385.536.320;3.413.203.499.835.360
-20.147.909.088.408.500;6.827.792.512.056.290;3.442.228.509.607.530;-21.074.789.711.828.200;808.220.694.137.496;3.416.089.502.721.360
-20.134.125.464.168.800;6.728.749.128.472.830;3.444.473.178.518.860;-21.086.875.225.151.200;7.982.943.421.879.620;3.418.975.505.607.360
-2.011.812.230.289.890;6.630.040.066.283.930;34.467.178.474.302.000;-21.096.091.355.425.300;7.883.372.498.023.040;34.218.615.084.933.600
-2.009.990.766.751.480;6.531.715.058.342.580;344.896.251.634.154;-2.110.243.042.705.670;7.783.577.096.797.660;34.247.475.113.793.700
-20.079.490.735.145.400;6.433.823.644.002.700;34.512.071.852.528.700;-21.105.887.160.591.000;7.683.640.332.150.440;3.427.633.514.265.370
-20.056.881.792.508.600;6.336.415.144.159.560;3.453.451.854.164.210;-21.106.458.677.110.400;7.583.645.435.761.920;3.430.519.517.151.370
-20.032.092.230.729.200;6.239.538.636.400.330;34.556.965.230.755.400;-21.104.144.500.631.000;7.483.675.687.727.310;3.433.405.520.037.380
-2.000.756.428.946.200;6.142.596.969.616.950;39.502.967.899.281.500;-21.098.946.558.499.600;7.383.814.347.197.150;3.436.291.522.923.380
-19.985.843.663.512.100;6.044.987.951.881.790;3.947.410.787.042.150;-21.090.869.179.788.300;728.414.458.303.552;3.439.177.525.809.380
-19.966.948.690.540.800;5.946.792.809.785.560;3.944.524.784.156.150;-210.799.190.916.892;7.184.749.404.553.350;344.206.352.869.539
-1.995.089.510.710.290;5.848.093.324.509.880;394.163.878.127.015;-2.106.610.541.391.130;7.085.711.592.374.710;3.444.949.531.581.390
-1.993.769.628.332.020;5.748.971.697.275.280;3.938.752.778.384.140;-2.104.943.965.108.590;6.987.113.629.493.470;3.447.835.534.467.390
-19.927.363.211.746.800;5.649.510.480.880.440;3.935.866.775.498.140;-2.102.993.568.318.450;6.889.037.632.577.900;3.450.721.537.353.390
-19.919.904.498.213.800;5.549.792.510.948.670;39.329.807.726.121.400;-21.007.609.753.959.200;6.791.565.283.580.310;3.453.607.540.239.400
-19.915.326.354.661.800;5.449.900.836.938.780;39.300.947.697.261.300;-20.982.480.457.414.000;6.694.777.761.708.810;3.456.493.543.125.400
-1.991.363.259.396.780;5.349.918.652.977.870;39.272.087.668.401.300;-2.095.456.872.231.920;6.598.755.675.817.710;3.459.379.546.011.400
-19.914.824.626.769.300;524.992.922.857.368;3.924.322.763.954.130;-209.238.977.947.807;6.503.578.997.272.980;34.622.655.488.974.100
-19.918.901.460.289.600;515.001.583.926.409;392.143.676.106.813;-2.089.049.321.887.970;6.409.326.993.348.610;3.465.151.551.783.410
-19.925.859.699.164.600;50.502.616.972.616.600;3.918.550.758.182.120;-20.854.382.815.398.900;6.316.078.161.209.370;3.468.037.554.669.410
-19.935.693.548.270.500;4.950.749.882.150.870;39.156.647.552.961.200;-20.815.596.658.651.400;622.391.016.253.499;3.470.923.557.555.410
-19.948.394.817.550.400;48.515.632.716.958.300;39.127.787.524.101.200;-20.774.167.051.434.100;6.132.899.758.840.100;3.473.809.560.441.420
-19.963.952.928.835.400;4.752.784.472.816.080;39.098.927.495.241.100;-2.073.012.849.812.440;6.043.122.747.543.960;3.476.695.563.327.420
-19.982.354.924.654.300;4.654.495.752.787.970;39.070.067.466.381.100;-20.683.517.675.943.200;5.954.653.898.843.010;34.795.815.662.134.200
-2.000.358.547.902.520;4.556.778.970.728.870;3.904.120.743.752.110;-2.063.437.340.440.870;5.867.566.893.439.050;34.824.675.690.994.300
-20.027.626.910.219.800;4.459.715.509.421.350;390.123.474.086.611;-20.582.736.613.006.100;5.781.934.261.174.700;34.853.535.719.854.300
-20.054.459.195.489.500;43.633.862.075.341;3.898.348.737.980.100;-205.286.503.070.991;569.782.732.062.748;3.488.239.574.871.430
-20.084.059.987.741.100;42.678.712.922.958.900;3.895.462.735.094.100;-20.472.159.532.113.700;561.531.611.971.249;3.491.125.577.757.430
-20.116.404.634.148.400;4.173.250.312.678.940;38.925.767.322.081.000;-20.413.311.336.022.300;5.534.469.377.343.550;3.494.011.580.643.440
-20.151.466.196.684.200;4.079.602.073.147.020;38.896.907.293.220.900;-20.352.154.730.159.900;545.535.442.620.108;3.496.897.583.529.440
-20.189.215.474.555.600;3.987.004.568.023.690;3.886.804.726.436.090;-20.288.740.648.405.600;5.378.037.156.654.470;3.499.783.586.415.440
-20.229.621.028.523.600;3.895.534.916.535.220;3.883.918.723.550.090;-20.223.121.904.762.500;5.302.581.961.885.790;35.026.695.893.014.500
-2.027.264.920.708.690;38.052.692.985.823.700;388.103.272.066.409;-20.155.353.149.371.800;5.229.051.684.260.300;35.055.555.921.874.500
-20.318.264.174.508.500;37.162.828.912.944.600;3.878.146.717.778.080;-20.085.502.819.407.700;5.157.495.560.635.190;4.057.787.164.324.620
-2.036.642.794.066.120;36.286.498.064.185.500;3.875.260.714.892.080;-2.001.640.655.453.640;50.852.159.241.567.500;4.053.746.760.284.210
-20.417.100.392.667.500;35.424.430.285.960.100;3.872.374.712.006.080;-1.995.028.627.618.680;5.010.204.268.665.070;40.497.063.562.438.100
-20.470.239.328.307.400;34.577.343.545.776.900;3.869.488.709.120.070;-19.887.249.910.136.100;4.932.583.033.015.630;40.456.659.522.034.000
-20.525.800.491.166.000;337.459.433.342.851;3.866.602.706.234.070;-19.827.400.348.401.000;4.852.478.915.588.750;4.041.625.548.163.000
-20.583.737.607.492.200;32.930.922.077.710.900;3.863.716.703.348.070;-19.770.835.281.291;4.770.022.667.484.300;4.037.585.144.122.600
-20.644.002.424.738.000;32.132.958.561.175.200;386.083.070.046.207;-19.717.647.037.951.800;4.685.348.879.101.330;4.033.544.740.082.190
-20.706.544.751.744.500;31.352.717.363.371.800;3.857.944.697.576.060;-19.667.922.435.660.200;4.598.595.760.450.970;40.295.043.360.417.900
-20.771.312.500.543.800;3.059.084.830.307.710;3.855.058.694.690.060;-19.621.742.638.114.600;45.099.049.155.611.300;40.254.639.320.013.800
-2.083.825.172.974.030;29.847.985.897.953.200;38.521.726.918.040.600;-19.579.183.022.955.000;4.419.421.111.341.320;4.021.423.527.960.980
-20.907.306.689.434.800;2.912.474.883.609.350;3.849.286.688.918.050;-19.540.313.058.726.400;4.327.292.041.284.730;4.017.383.123.920.580
-2.097.841.986.765.590;28.421.739.460.752.900;42.391.026.043.196.500;-19.505.196.191.488.000;4.233.668.084.393.400;40.133.427.198.801.700
-21.051.532.038.258.600;2.773.954.326.869.000;42.362.166.014.336.400;-19.473.889.741.252.400;41.387.020.597.199.900;40.093.023.158.397.700
-21.126.582.310.249.800;2.707.872.842.253.970;4.233.330.598.547.640;-19.446.444.808.424.000;4.042.548.976.926.610;4.005.261.911.799.360
-2.120.350.817.850.160;26.439.845.277.622.900;4.230.444.595.661.640;-19.422.906.190.390.000;39.453.657.832.680.800;4.001.221.507.758.960
-21.282.245.575.807.900;2.582.342.592.358.670;4.227.558.592.775.640;-19.403.312.308.398.700;38.473.111.074.125.400;3.997.181.103.718.560
-213.627.289.262.427;25.229.983.741.256.800;4.224.672.589.889.630;-19.387.695.144.846.300;37.485.450.005.174.900;39.931.406.996.781.500
-2.144.489.119.977.390;2.466.001.297.507.200;42.217.865.870.036.300;-19.376.080.191.073.100;3.649.228.674.984.010;39.891.002.956.377.500
-21.528.663.968.089.800;24.113.988.321.455.500;42.189.005.841.176.300;-19.368.486.405.754.700;35.495.242.413.154.700;3.985.059.891.597.340
-21.613.977.461.588.400;2.359.236.453.346.760;42.160.145.812.316.200;-19.364.926.183.956.700;3.449.594.443.510.340;3.981.019.487.556.940
-2.170.076.062.748.480;23.095.576.042.067.000;4.213.128.578.345.620;-19.365.405.336.902.400;3.349.602.393.420.950;3.976.979.083.516.540
-2.178.894.118.898.710;22.624.036.594.298.400;4.210.242.575.459.620;-19.369.923.082.487.400;3.249.711.304.511.810;3.972.938.679.476.130
-21.878.445.705.491.700;2.217.813.890.870.550;4.207.356.572.573.620;-19.378.472.046.556.400;3.150.084.225.452.090;39.688.982.754.357.300
-21.969.199.633.747.500;21.758.254.348.258.300;4.204.470.569.687.610;-19.391.038.274.939.700;3.050.883.773.977.090;3.964.857.871.395.320
-2.206.112.738.993.920;21.364.732.611.065.700;4.201.584.566.801.610;-19.407.601.256.230.000;29.522.718.714.530.800;3.960.817.467.354.920
-22.154.152.412.636.700;2.099.790.143.913.170;41.986.985.639.156.100;-19.428.133.955.262.200;28.544.094.785.788.200;3.956.777.063.314.520
-22.248.197.226.558.300;20.658.066.345.397.700;41.958.125.610.296.000;-19.452.602.857.242.700;2.757.456.332.655.160;4.397.839.804.282.850
-2.234.318.350.709.610;2.034.551.035.929.800;4.192.926.558.143.600;-19.480.968.022.453.600;2.661.570.686.851.500;4.393.799.400.242.450
-22.439.032.145.548;2.006.049.379.104.050;4.190.040.555.257.600;-19.513.183.151.445.200;2.566.909.051.894.790;43.897.589.962.020.500
-22.535.663.315.002.400;19.803.254.014.809.300;4.187.154.552.371.600;-19.549.195.660.609.100;24.736.259.406.026.400;4.385.718.592.161.640
-22.632.996.536.822.100;19.574.005.271.068.900;4.184.268.549.485.590;-19.588.946.768.008.400;23.818.736.156.775.500;4.381.678.188.121.240
-22.730.950.747.670.300;19.372.938.488.135.500;4.181.382.546.599.590;-19.632.371.589.325.100;2.291.801.841.173.900;4.377.637.784.080.830
-22.829.444.367.023.300;19.200.221.123.163.800;4.178.496.543.713.590;-19.679.399.243.769.000;2.203.557.638.043.460;4.373.597.380.040.430
-2.292.839.536.511.470;1.905.599.702.268.100;4.175.610.540.827.580;-1.972.995.296.977.360;21.172.850.441.582.600;43.695.569.760.000.200
-2.302.772.133.125.310;1.894.038.630.278.570;4.172.724.537.941.580;-1.978.395.025.029.110;20.331.248.792.027.600;43.655.165.719.596.200
-2.312.733.954.245.760;188.534.852.491.094;4.169.838.535.055.580;-19.841.302.947.482.400;19.512.145.148.188.300;4.361.476.167.919.220
-2.322.716.703.235.270;18.795.366.236.626.000;416.695.253.216.958;-19.901.917.446.581.200;1.871.687.650.378.980;4.357.435.763.878.810
-23.327.120.660.266.700;18.766.077.669.375.000;4.164.066.529.283.570;-19.965.694.808.697.800;17.946.740.947.535.600;4.353.395.359.838.410
-23.427.117.180.474.500;18.765.643.940.147.800;4.161.180.526.397.570;-20.032.530.932.314.000;17.202.995.544.284.000;43.493.549.557.980.000
-23.527.073.311.528.600;18.794.065.410.173.000;41.582.945.235.115.700;-20.102.316.723.204.100;16.486.854.283.186.000;43.453.145.517.576.000
-23.626.905.805.619.200;18.851.318.408.815.300;41.554.085.206.255.600;-20.174.938.272.505.300;15.799.486.096.133.600;4.341.274.147.717.200
-23.726.531.517.906.800;18.937.355.253.289.300;4.152.522.517.739.560;-20.250.277.042.647.400;15.142.012.949.754.300;4.337.233.743.676.790
-23.825.867.475.768.800;19.052.104.288.372.200;4.149.636.514.853.560;-20.328.210.060.837.300;14.515.508.014.064.600;4.333.193.339.636.390
-23.924.830.947.902.600;1.919.546.994.608.070;414.675.051.196.756;-20.408.610.119.783.200;13.920.993.910.772.800;43.291.529.355.959.800
-24.023.339.513.228;1.936.733.282.526.490;4.143.864.509.081.550;-20.491.345.985.330.300;13.359.441.044.090.300;4.325.112.531.555.580
-2.412.131.112.953.080;195.675.497.910.505;41.409.785.061.955.500;-2.057.628.261.067.010;1.283.176.601.677.490;4.321.072.127.515.180
-2.421.866.420.179.160;1.979.595.409.404.730;41.380.925.033.095.500;-2.066.328.135.677.190;1.233.883.013.399.320;4.317.031.723.474.770
-24.315.317.650.141;2.005.235.550.922.620;4.423.175.373.978.100;-2.075.220.021.867.890;11.881.437.997.442.300;43.129.913.194.343.700
-24.411.190.977.386.900;203.365.404.943.462;4.420.289.371.092.090;-20.842.894.057.297.600;1.146.033.619.202.760;43.089.509.153.939.600
-2.450.620.433.605.610;20.648.272.367.801.700;4.417.403.368.206.090;-2.093.521.483.630.300;11.076.212.067.238.500;4.304.910.511.353.560
-24.600.278.594.894.400;20.987.291.505.741.600;4.414.517.365.320.090;-21.029.011.863.773.500;10.729.692.615.212.400;4.300.870.107.313.160
-2.469.333.540.477.100;21.353.315.558.295.100;441.163.136.243.409;-2.112.413.203.815.950;10.421.343.447.317.800;4.296.829.703.272.750
-24.785.297.263.930.600;2.174.603.968.472.500;4.408.745.359.548.080;-21.220.420.098.185.600;10.151.667.870.926.900;46.331.651.715.138.200
-2.487.608.758.254.040;22.165.136.807.312.000;4.405.859.356.662.080;-21.317.718.876.278.700;9.921.106.067.884.940;4.629.124.767.473.410
-2.496.563.074.647.770;22.610.257.883.759.800;4.402.973.353.776.080;-21.415.869.555.106.200;9.730.034.376.017.020;4.625.084.363.433.010
-25.053.852.180.304.200;2.308.103.219.789.230;4.400.087.350.890.070;-21.514.711.926.808.300;9.578.764.674.845.300;462.104.395.939.261
-2.514.067.840.937.610;2.357.706.766.840.220;4.397.201.348.004.070;-2.161.408.465.449.970;9.467.543.876.519.120;46.170.035.553.522.000
-2.522.603.712.103.650;2.409.795.117.539.340;4.394.315.345.118.070;-21.713.825.535.613.700;93.965.535.227.891;46.129.631.513.118.000
-2.530.985.722.484.100;2.464.324.890.444.530;43.914.293.422.320.600;-21.813.771.766.660.000;9.365.909.488.682.980;4.608.922.747.271.390
-2.539.206.891.176.450;25.212.506.707.912.100;43.885.433.393.460.600;-21.913.760.208.962.900;9.375.661.793.367.000;4.604.882.343.230.990
-2.547.260.371.234.140;25.805.250.483.156.800;4.385.657.336.460.060;-2.201.362.765.494.670;9.425.794.518.501.300;46.008.419.391.905.800
-25.551.394.553.690.100;2.642.098.656.740.460;4.382.771.333.574.060;-2.211.321.109.453.380;9.516.225.834.222.930;45.968.015.351.501.800
-2.562.837.581.537.380;27.059.202.148.886.300;4.379.885.330.688.050;-22.212.347.981.220.000;9.646.808.132.713.820;4.592.761.131.109.780
-25.703.483.384.052.500;27.719.365.693.930.800;4.376.999.327.802.050;-2.231.087.649.739.360;9.817.328.269.135.720;4.588.720.727.069.370
-25.776.654.706.879.000;28.400.927.389.649.000;4.374.113.324.916.050;-2.240.863.581.846.440;10.027.507.909.538.900;4.584.680.323.028.970
-2.584.782.884.359.590;291.033.196.018.421;43.712.273.220.300.400;-22.505.466.375.372.000;10.277.003.985.177.100;45.806.399.189.885.600
-25.916.946.517.289.000;29.825.957.347.751.800;43.683.413.191.440.400;-22.601.210.115.044.700;10.565.409.252.485.800;45.765.995.149.481.600
-2.598.395.016.375.600;305.682.387.832.598;4.365.455.316.258.040;-22.695.710.758.383.800;10.892.252.957.811.900;4.572.559.110.907.760
-26.048.783.979.448.500;313.295.457.041.291;4.362.569.313.372.040;-22.788.814.055.352.700;11.257.001.605.808.000;4.568.518.706.867.350
-2.611.139.396.794.720;32.109.244.060.871.900;4.359.683.310.486.030;-22.880.368.036.753.300;11.659.059.830.237.800;4.564.478.302.826.950
-2.617.172.798.493.290;3.290.668.448.681.340;4.356.797.307.600.030;-22.970.223.262.280.400;12.097.771.365.771.400;45.604.378.987.865.400
-26.229.735.781.614.200;33.721.202.838.912.400;4.353.911.304.714.030;-23.058.233.064.447.400;12.572.420.119.183.700;4.556.397.494.746.140
-26.285.369.046.577.200;3.455.212.075.088.870;43.510.253.018.280.200;-23.144.253.787.986.500;13.082.231.338.207.700;4.552.357.090.705.740
-2.633.858.144.602.130;3.539.874.619.819.610;43.481.392.989.420.200;-23.228.145.024.332.400;13.626.372.876.135.600;4.548.316.686.665.330
-2.638.932.866.234.770;3.626.037.407.437.020;43.452.532.960.560.200;-23.309.769.840.805.700;1.420.395.655.010.160;4.544.276.282.624.930
-2.643.756.843.106.940;3.713.628.677.827.190;434.236.729.317.002;-2.338.899.500.412.370;14.814.039.590.831.700;45.402.358.785.845.200
-26.483.260.576.010.500;3.802.575.481.173.690;4.339.481.290.284.010;-2.346.569.119.787.200;15.455.626.181.492.100;4.536.195.474.544.120
-26.526.367.042.767.200;3.892.803.738.713.320;4.336.595.287.398.010;-23.539.733.233.583.200;1.612.766.908.312.590;4.532.155.070.503.720
-26.566.851.930.400.600;39.842.383.044.321.500;4.333.709.284.512.010;-23.611.000.255.077.700;16.829.071.344.023.500;4.763.763.266.017.510
-26.604.681.521.337.000;40.768.030.276.503.800;43.308.232.816.260.000;-23.679.375.935.732.900;17.558.688.090.238.200;4.759.722.861.977.100
-2.663.982.430.944.900;41.704.208.164.439.200;43.279.372.787.400.000;-2.374.474.866.835.870;1.831.532.839.432.340;47.556.824.579.367.000
-26.672.251.026.295.600;4.265.013.701.849.920;4.325.051.275.854.000;-2.380.701.174.737.040;19.097.757.219.240.300;47.516.420.538.963.000
-26.701.934.665.497.800;4.360.502.902.802.690;4.322.165.272.968;-2.386.606.354.296.010;1.990.469.743.426.570;4.747.601.649.855.890
-26.728.850.505.230.800;44.568.088.917.459.800;45.025.150.989.035.000;-2.392.180.766.698.370;20.734.831.899.606.600;4.743.561.245.815.490
-2.675.297.612.881.380;45.538.514.608.670.500;44.996.290.960.175.000;-2.397.415.313.029.150;2.158.680.561.632.100;4.739.520.841.775.080
-2.677.429.144.337.880;4.651.549.788.897.140;4.496.743.093.131.490;-2.402.301.449.124.670;22.459.227.938.033.700;47.354.804.377.346.800
-2.679.277.869.660.570;4.749.822.508.422.980;4.493.857.090.245.490;-24.068.311.995.189.000;23.350.674.840.839.700;473.144.003.369.428
-26.808.422.491.506.600;48.485.877.736.531.300;4.490.971.087.359.490;-24.109.971.704.614.800;24.259.691.247.687.300;4.727.399.629.653.870
-2.682.120.979.924.920;49.477.633.285.826.400;4.488.085.084.473.490;-2.414.792.561.986.320;25.184.793.403.448.700;4.723.359.225.613.470
-26.831.129.970.008.000;50.472.665.754.995.100;4.485.199.081.587.480;-24.182.111.790.109.100;26.124.471.296.800.600;47.193.188.215.730.600
-26.838.174.741.833.600;514.701.464.377.558;4.482.313.078.701.480;-24.212.474.414.483.600;2.707.719.112.496.190;47.152.784.175.326.600
-26.842.338.247.533.900;5.246.924.458.884.830;4.479.427.075.815.480;-2.423.896.393.315.560;2.804.139.779.726.580;471.123.801.349.226
-26.843.617.019.560.500;5.346.912.811.591.460;4.476.541.072.929.470;-24.261.537.108.226.400;2.901.551.747.347.840;4.707.197.609.451.850
-26.842.009.992.896.400;5.446.896.427.250.140;4.473.655.070.043.470;-24.280.157.094.306.000;29.997.960.132.722.300;4.703.157.205.411.450
-26.837.518.505.943.300;5.546.792.035.160.750;4.470.769.067.157.470;-2.429.479.349.865.360;3.098.712.216.881.130;46.991.168.013.710.400
-26.830.146.299.406.700;5.646.516.437.919.870;4.467.883.064.271.470;-24.305.422.430.787.400;3.198.138.900.775.950;46.950.763.973.306.400
-26.819.899.513.180.500;5.745.986.580.711.150;4.464.997.061.385.460;-2.431.202.654.147.990;32.979.137.743.192.800;469.103.599.329.024
-26.806.786.681.233.700;5.845.119.620.476.990;44.621.110.584.994.600;-24.314.595.051.076.000;339.787.397.853.616;4.686.995.589.249.830
-26.790.818.724.502.500;5.943.832.994.913.850;44.592.250.556.134.600;-24.313.123.767.089.100;34.978.563.519.429.500;4.682.955.185.209.430
-2.677.200.894.179.520;604.204.449.123.372;4.456.339.052.727.450;-24.307.615.091.043.700;3.597.697.696.870.040;4.678.914.781.169.020
-26.750.372.998.716.300;6.139.672.314.634.460;4.453.453.049.841.450;-24.298.078.014.555.500;36.972.350.458.436.000;4.674.874.377.128.620
-26.725.928.914.619.300;623.663.515.642.215;4.450.567.046.955.450;-24.284.528.104.655.100;37.963.059.275.915.500;467.083.397.308.822
-2.669.869.704.759.990;6.332.852.261.728.410;4.447.681.044.069.450;-2.426.698.747.837.820;3.894.748.632.239.680;4.666.793.569.047.810
-26.668.700.077.540.200;6.428.243.496.766.660;44.447.950.411.834.400;-24.245.484.766.664.800;39.924.024.752.648.900;4.662.753.165.007.410
-26.635.962.987.220.600;6.522.729.415.570.910;44.419.090.382.974.400;-24.220.563.688.862.100;4.089.245.044.835.100;479.233.538.649.523
-2.660.051.304.151.240;6.616.231.326.161.930;44.390.230.354.114.400;-2.419.719.291.470.630;4.186.472.164.766.940;4.795.221.389.381.230
-2.656.237.976.467.110;6.708.671.356.085.240;44.361.370.325.254.300;-2.417.663.746.063.510;4.284.333.184.804.580;4.798.107.392.267.230
-26.521.594.915.746.700;6.799.972.517.266.770;4.433.251.029.639.430;-24.158.914.446.123.900;4.382.746.602.037.790;4.800.993.395.153.230
-26.478.192.462.133.800;6.890.058.770.131.800;4.430.365.026.753.430;-24.144.038.631.669.300;4.481.630.453.495.930;4.803.879.398.039.240
-26.432.208.551.281.900;6.978.855.086.934.060;442.747.902.386.743;-24.132.022.406.496.200;45.809.023.844.103.100;48.067.654.009.252.400
-26.383.681.480.590.300;7.066.287.514.242.100;44.245.930.209.814.200;-24.122.875.778.239.000;46.804.797.168.028.100;4.809.651.403.811.240
-26.332.651.665.512.400;7.152.283.234.530.910;44.217.070.180.954.200;-2.411.660.636.460.720;47.802.795.183.436.700;481.253.740.669.725
-2.627.916.160.589.560;7.236.770.626.827.500;44.188.210.152.094.200;-24.113.219.387.041;4.880.218.671.421.170;4.815.423.409.583.250
-2.622.325.585.058.620;731.967.932.636.001;44.159.350.123.234.100;-24.112.717.666.362.400;49.802.139.423.655.600;4.818.309.412.469.250
-26.164.980.960.326.800;740.094.028.316.049;4.413.049.009.437.410;-2.411.510.162.042.620;50.801.820.507.697.100;4.821.195.415.355.250
-2.610.438.546.897.830;7.480.485.819.572.760;4.410.163.006.551.410;-2.412.036.926.377.190;5.180.039.738.848.610;4.824.081.418.241.260
-26.041.519.843.099.200;7.558.249.686.617.280;440.727.700.366.541;-2.412.851.620.927.720;5.279.703.840.780.130;4.826.967.421.127.260
-25.976.436.439.914.900;7.634.167.119.166.200;4.404.391.000.779.400;-2.413.953.567.181.190;5.379.091.351.969.050;4.829.853.424.013.260
-25.909.189.463.711.600;770.817.488.988.255;44.015.049.978.934.000;-24.153.418.473.888.600;5.478.119.498.176.990;483.273.942.689.927
-2.583.983.492.069.370;7.780.211.361.878.700;43.986.189.950.074.000;-2.417.015.305.330.650;5.576.705.804.460.300;4.835.625.429.785.270
-25.770.122.227.267.800;785.189.866.915.333;44.799.846.939.587.700;-2.418.972.547.278.070;5.674.768.163.858.850;4.838.511.432.671.270
-25.703.288.594.405.400;7.926.275.447.700.450;4.484.025.097.999.180;-2.421.211.943.154.950;577.222.490.577.824;4.841.397.435.557.270
-25.639.513.811.418.600;8.003.291.139.112.020;4.488.065.502.039.580;-2.423.716.143.718.170;586.903.646.543.317;5.026.274.189.672.960
-2.557.890.197.561.560;808.282.003.341.603;4.492.105.906.079.990;-24.261.426.537.789.300;5.966.045.666.137.760;5.024.029.520.761.620
-2.552.155.202.153.880;816.473.231.842.883;44.961.463.101.203.900;-24.283.508.173.107.400;6.063.575.054.070.430;5.021.784.851.850.290
-254.675.575.594.772;8.248.894.291.642.960;45.001.867.141.607.900;-2.430.339.521.768.600;6.161.575.490.736.650;5.019.540.182.938.950
-25.417.006.722.669.300;8.335.168.578.464.990;4.504.227.118.201.200;-24.321.077.651.781.900;6.259.997.600.312.120;501.729.551.402.762
-25.369.982.023.447.000;8.423.414.356.447.140;4.508.267.522.241.600;-24.336.546.566.406.600;6.358.791.794.519.960;5.015.050.845.116.280
-25.326.560.218.553.100;8.513.487.585.146.800;4.512.307.926.282.010;-24.349.794.167.815.100;6.457.908.297.614.870;5.012.806.176.204.940
-25.286.812.183.854.300;8.605.241.241.238.580;45.163.483.303.224.100;-2.436.081.378.143.270;6.557.297.171.461.790;5.010.561.507.293.610
-2.525.080.279.865.290;8.698.525.558.495.270;45.203.887.343.628.100;-24.369.599.855.217.800;6.656.908.340.696.400;5.008.316.838.382.270
-25.218.590.839.786.900;8.793.188.272.245.930;4.524.429.138.403.220;-24.376.147.962.459.000;6.756.691.617.954.660;5.006.072.169.470.940
-2.519.022.888.569.020;8.889.074.867.912.060;4.528.469.542.443.620;-2.438.045.480.400.590;6.856.596.729.158.900;5.003.827.500.559.600
-2.516.361.155.844.510;8.985.466.243.502.720;4.658.263.419.277.720;-2.438.251.820.993.090;6.956.573.338.847.520;5.001.582.831.648.270
-2.513.527.625.247.430;9.081.366.344.457.840;4.656.426.871.986.630;-2.438.233.714.062.260;7.056.571.075.535.640;4.999.338.162.736.930
-25.105.184.573.286.200;9.176.729.910.725.600;4.654.590.324.695.540;-243.799.116.873.097;7.156.539.557.093.920;49.970.934.938.256
-25.073.346.670.236.000;9.271.524.777.976.040;46.527.537.774.044.500;-24.375.243.072.014.700;7.256.428.416.132.700;4.994.848.824.914.260
-2.503.977.328.164.710;9.365.718.973.690.650;4.650.917.230.113.350;-2.436.833.364.693.880;7.356.187.325.378.760;4.992.604.156.002.920
-2.500.447.573.118.940;9.459.280.727.946.070;4.649.080.682.822.260;-24.359.186.893.276.300;7.455.766.023.031.810;4.990.359.487.091.590
-24.967.465.924.060.100;9.552.178.484.129.520;4.647.244.135.531.170;-24.347.807.419.460.600;7.555.114.338.088.080;4.988.114.818.180.250
-2.492.875.634.296.830;9.644.380.909.582.210;46.454.075.882.400.700;-24.334.200.958.842.800;765.418.221.561.808;4.985.870.149.268.920
-2.488.836.004.392.460;9.735.856.906.167.290;4.643.571.040.948.980;-2.431.837.436.680.260;7.752.919.741.985.890;4.983.625.480.357.580
-24.846.290.651.837.700;9.826.575.620.758.640;4.641.734.493.657.890;-24.300.335.617.294.600;7.851.277.169.997.350;4.981.380.811.446.250
-24.802.562.355.919.200;9.916.506.455.647.060;4.639.897.946.366.800;-242.800.937.988.306;7.949.204.943.964.240;4.979.136.142.534.910
-24.757.189.904.897.500;10.005.619.078.860.200;46.380.613.990.757.000;-2.425.765.910.990.050;8.046.653.724.672.120;4.976.891.473.623.570
-24.710.188.602.043.300;10.093.883.434.393.400;4.636.224.851.784.610;-2.423.304.285.383.420;8.143.574.414.239.010;4.974.646.804.712.240
-24.661.574.300.008.600;10.181.269.752.346.100;4.634.388.304.493.520;-242.071.732.975.441;8.240.170.300.533.590;51.053.725.246.768.900
-246.113.633.954.794;10.267.748.558.963.800;463.255.175.720.243;-24.181.296.801.851.400;8.336.764.332.288.490;51.053.725.246.768.900
-24.559.572.823.645.400;10.353.290.686.578.100;46.307.152.099.113.300;-2.415.542.030.615.870;8.433.358.364.043.380;51.053.725.246.768.900
-24.506.220.052.488.500;1.043.786.728.344.470;4.628.878.662.620.240;-24.129.543.810.466.000;8.529.952.395.798.280;51.053.725.246.768.900
-24.451.323.076.890.900;1.052.144.982.347.490;4.627.042.115.329.150;-24.103.667.314.773.300;8.626.546.427.553.180;51.053.725.246.768.900
-24.394.900.412.565.700;10.604.010.115.856.400;4.625.205.568.038.050;-24.077.790.819.080.600;8.723.140.459.308.080;51.053.725.246.768.900
-2.433.697.108.981.200;10.685.520.314.561.600;46.233.690.207.469.600;-24.051.914.323.387.900;8.819.734.491.062.980;51.053.725.246.768.900
-24.277.554.647.096.400;10.765.952.927.739.900;4.621.532.473.455.870;-24.026.037.827.695.200;8.916.328.522.817.870;51.053.725.246.768.900
-2.421.667.112.446.290;108.452.808.269.898;4.619.695.926.164.780;-24.000.161.332.002.500;9.012.922.554.572.770;51.053.725.246.768.900
-24.154.341.056.773.900;10.923.477.256.509.000;4.617.859.378.873.680;-239.742.848.363.099;9.109.516.586.327.670;51.053.725.246.768.900
-2.409.058.546.678.420;11.000.515.842.118.600;46.160.228.315.825.900;-23.948.408.340.617.200;9.206.110.618.082.570;51.053.725.246.768.900
-2.402.542.585.805.020;11.076.370.600.158.500;4.614.186.284.291.500;-2.392.253.184.492.450;930.270.464.983.747;51.053.725.246.768.900
-239.588.842.076.775;11.151.015.946.251.400;461.234.973.700.041;-23.896.655.349.231.800;9.399.298.681.592.360;51.053.725.246.768.900
-23.890.982.958.907.900;11.224.426.703.931.700;4.610.513.189.709.310;-2.387.077.885.353.910;9.495.892.713.347.260;51.053.725.246.768.900
-23.821.745.013.550.500;11.296.578.113.137.300;46.086.766.424.182.200;-23.844.902.357.846.400;9.592.486.745.102.160;51.053.725.246.768.900
-23.751.277.661.904.600;11.367.530.203.267.700;4.686.007.709.334.970;-23.819.025.862.153.700;9.689.080.776.857.060;51.053.725.246.768.900
-2.368.054.339.923.490;11.438.217.288.966.400;4.686.007.709.334.970;-23.793.149.366.461.000;9.785.674.808.611.950;51.053.725.246.768.900
-23.609.809.136.565.300;11.508.904.374.665.200;4.686.007.709.334.970;-23.767.272.870.768.300;9.882.268.840.366.850;51.053.725.246.768.900
-2.353.907.487.389.560;11.579.591.460.363.900;4.686.007.709.334.970;-23.741.396.375.075.600;9.978.862.872.121.750;51.053.725.246.768.900
-23.468.340.611.225.900;11.650.278.546.062.600;4.686.007.709.334.970;-23.715.519.879.383.000;10.075.456.903.876.600;51.053.725.246.768.900
-2.339.760.634.855.620;11.720.965.631.761.300;4.686.007.709.334.970;-2.368.964.338.369.030;10.172.050.935.631.500;51.053.725.246.768.900
-23.326.872.085.886.600;11.791.652.717.460.000;4.686.007.709.334.970;-23.663.766.887.997.600;1.026.864.496.738.640;51.053.725.246.768.900
-2.325.613.782.321.690;11.862.339.803.158.700;4.686.007.709.334.970;-2.363.789.039.230.490;10.365.238.999.141.300;51.053.725.246.768.900
-2.318.540.356.054.720;11.933.026.888.857.400;4.686.007.709.334.970;-23.612.013.896.612.200;10.461.833.030.896.200;51.053.725.246.768.900
-23.114.669.297.877.500;12.003.713.974.556.200;4.686.007.709.334.970;-2.358.613.740.091.950;10.558.427.062.651.100;51.053.725.246.768.900
-2.304.393.503.520.790;1.207.440.106.025.490;4.686.007.709.334.970;-2.356.026.090.522.680;10.655.021.094.406.000;51.053.725.246.768.900
-2.297.320.077.253.820;12.145.088.145.953.600;4.686.007.709.334.970;-2.353.438.440.953.410;1.075.161.512.616.090;51.053.725.246.768.900
-22.902.466.509.868.500;1.221.577.523.165.230;4.686.007.709.334.970;-2.350.850.791.384.140;10.848.209.157.915.800;51.053.725.246.768.900
-22.831.732.247.198.800;12.286.462.317.351.000;4.686.007.709.334.970;-23.482.631.418.148.800;10.944.803.189.670.700;51.053.725.246.768.900
-2.276.099.798.452.920;1.235.714.940.304.970;4.686.007.709.334.970;-2.345.675.492.245.610;11.041.397.221.425.600;51.053.725.246.768.900
-2.269.026.372.185.950;12.427.836.488.748.500;4.686.007.709.334.970;-23.430.878.426.763.400;1.113.799.125.318.050;51.053.725.246.768.900
-22.619.529.459.189.800;12.498.523.574.447.200;4.686.007.709.334.970;-23.405.001.931.070.700;11.234.585.284.935.400;51.053.725.246.768.900
-225.487.951.965.202;12.569.210.660.145.900;4.686.007.709.334.970;-23.379.125.435.378.000;11.331.179.316.690.300;51.053.725.246.768.900
-2.247.806.093.385.050;12.639.897.745.844.600;4.686.007.709.334.970;-23.353.248.939.685.300;11.427.773.348.445.200;51.053.725.246.768.900
-22.407.326.671.180.800;12.710.584.831.543.300;4.686.007.709.334.970;-23.327.028.747.858.500;11.524.273.220.883.000;523.458.084.845.748
-22.336.592.408.511.100;1.278.127.191.724.200;4.686.007.709.334.970;-2.329.758.239.118.530;11.619.832.374.015.000;5.230.540.444.417.070
-22.265.858.145.841.500;12.851.959.002.940.700;4.686.007.709.334.970;-23.264.300.141.160.800;1.171.412.411.014.250;5.226.500.040.376.670
-2.219.512.388.317.180;1.292.264.608.863.950;4.686.007.709.334.970;-23.227.236.323.217.100;1.180.699.452.022.050;52.224.596.363.362.600
-22.124.389.620.502.100;12.993.333.174.338.200;4.686.007.709.334.970;-23.186.451.435.305.000;11.898.292.015.184.000;52.184.192.322.958.600
-22.053.655.357.832.400;13.064.020.260.036.900;4.686.007.709.334.970;-23.142.012.049.145.500;11.987.867.573.381.500;521.437.882.825.546
-2.198.292.109.516.280;13.134.707.345.735.600;4.686.007.709.334.970;-2.309.399.070.156.690;12.075.574.983.817.400;5.210.338.424.215.050
-21.912.186.832.493.100;1.320.539.443.143.430;4.686.007.709.334.970;-2.304.246.577.610.590;12.161.271.084.807.200;5.206.298.020.174.650
-2.184.145.256.982.340;13.276.081.517.133.000;4.686.007.709.334.970;-2.298.752.137.506.430;12.244.815.997.655.400;52.022.576.161.342.400
-2.177.071.830.715.370;133.467.686.028.318;4.686.007.709.334.970;-22.929.247.182.232.400;12.326.073.354.974.100;5.198.217.212.093.840
-21.699.984.044.484.100;13.417.455.688.530.500;4.686.007.709.334.970;-2.286.773.831.650.130;1.240.491.052.327.110;519.417.680.805.344
-21.629.249.781.814.400;13.488.142.774.229.200;4.686.007.709.334.970;-22.803.095.176.603.100;12.481.198.819.442.500;5.190.136.404.013.030
-21.558.515.519.144.700;13.558.829.859.927.900;4.686.007.709.334.970;-22.735.423.277.234.500;12.554.813.720.817.600;5.186.095.999.972.630
-2.148.778.125.647.500;13.629.516.945.626.600;4.686.007.709.334.970;-2.266.483.307.682.820;1.262.563.506.841.290;5.182.055.595.932.220
-21.417.046.993.805.400;13.700.204.031.325.300;4.686.007.709.334.970;-2.259.143.979.725.590;12.693.547.263.063.500;5.178.015.191.891.820
-2.134.631.273.113.570;13.770.891.117.024.000;4.686.007.709.334.970;-2.251.536.323.575.590;12.758.439.454.111.100;517.397.478.785.142
-21.274.830.348.916.200;1.384.081.709.324.860;47.620.322.040.360.500;-2.243.672.756.939.160;12.820.205.720.341.700;5.169.934.383.811.010
-2.120.137.938.233.320;13.908.671.801.581.200;4.759.146.201.150.050;-2.235.566.115.236.270;12.878.745.242.877.500;5.165.893.979.770.610
-21.126.000.985.320.200;13.974.378.750.974.900;4.756.260.198.264.040;-22.272.296.306.496.300;12.933.962.469.739.200;5.161.853.575.730.200
-21.048.757.936.281.800;14.037.883.217.826.700;4.753.374.195.378.040;-22.186.769.105.263.300;12.985.767.271.812.700;51.578.131.716.898.000
-20.969.714.566.586.000;1.409.913.231.285.690;4.750.488.192.492.040;-2.209.921.915.167.020;13.034.075.089.963.300;51.537.727.676.494
-20.888.936.706.986.200;14.158.075.025.157.600;47.476.021.896.060.300;-22.009.789.350.390.300;13.078.807.073.058.900;5.149.732.363.608.990
-20.806.491.632.794.200;14.214.662.264.676.300;47.447.161.867.200.300;-21.918.625.674.505.300;131.198.902.066.756;5.145.691.959.568.590
-20.722.448.007.850.600;14.268.846.903.101.000;47.418.301.838.340.300;-21.825.876.927.238.700;13.157.257.432.276.400;51.416.515.555.281.800
-2.063.687.582.733.840;14.320.583.813.110.100;473.894.418.094.803;-2.173.169.449.906.960;13.190.847.756.669.000;51.376.111.514.877.800
-20.549.846.359.488.500;14.369.829.905.956.500;4.736.058.178.062.020;-2.163.623.212.062.350;13.220.606.351.562.400;5.133.570.747.447.370
-2.046.143.208.622.360;14.416.544.167.354.000;4.733.172.175.176.020;;;
-2.037.170.664.279.270;14.460.687.691.635.800;4.730.286.172.290.020;;;
-20.280.744.756.444.300;14.502.223.714.156.300;4.727.400.169.404.010;;;
-20.188.622.184.190.400;14.541.117.641.911.200;47.245.141.665.180.100;;;
-2.009.541.564.971.240;14.577.337.082.347.000;4.721.628.163.632.010;;;
-20.001.202.779.462.700;14.610.851.870.339.800;471.874.216.074.601;;;
-19.906.062.038.014.000;14.641.634.093.317.700;4.715.856.157.860.000;;;
-1.981.007.266.271.010;14.669.658.114.507.700;4.712.970.154.974.000;;;
-19.713.314.597.674.400;1.469.490.059.428.720;4.710.084.152.088.000;;;
-19.615.868.427.228.000;14.717.340.509.621.900;4.707.198.149.201.990;;;
-1.951.781.530.877.670;14.736.959.171.575.300;47.043.121.463.159.900;;;
-1.941.923.690.521.840;14.753.740.240.873.100;4.701.426.143.429.990;;;
-19.320.215.316.931.500;1.476.766.974.151.150;469.854.014.054.399;;;
-19.220.833.013.398.100;14.778.736.072.397.100;4.695.654.137.657.980;;;
-19.121.172.764.519.300;14.786.930.017.008.600;4.692.768.134.771.980;;;
-19.021.317.571.681.300;1.479.224.475.107.280;4.689.882.131.885.980;;;
-18.921.350.598.628.200;14.794.675.848.248.200;46.869.961.289.999.700;;;
-18.821.355.102.199.300;14.794.221.283.811.500;46.841.101.261.139.700;;;
-18.721.414.362.989.700;14.790.881.436.343.700;4.681.224.123.227.970;;;
-18.621.611.615.989.900;1.478.465.908.741.490;467.833.812.034.197;;;
-18.522.029.981.265.000;147.755.594.192.677;4.675.452.117.455.960;;;
-18.422.752.394.727.800;14.763.590.010.501.100;4.672.566.114.569.960;;;
-18.323.861.539.066.600;14.748.760.829.759.000;46.696.801.116.839.600;;;
-1.822.543.977.488.360;1.473.108.422.742.740;46.667.941.087.979.500;;;
-18.127.569.072.101.100;14.710.574.925.349.100;46.639.081.059.119.500;;;
-18.030.330.941.693.500;1.468.725.000.456.200;46.610.221.030.259.500;;;